{"cameraMode":{"drawMode":0,"name":"Shaded","section":"Shading Mode"},"sceneLighting":true,"audioPlay":false,"sceneViewState":{"showFog":true,"showMaterialUpdate":false,"showSkybox":true,"showFlares":true,"showImageEffects":true,"showParticleSystems":true},"in2DMode":false,"pivot":{"x":5.128010272979736,"y":1.3774592876434327,"z":4.395931720733643},"rotation":{"x":-0.4662601351737976,"y":0.23145928978919984,"z":-0.12783972918987275,"w":-0.8442137837409973},"size":12.041677474975586,"orthographic":false}