{"cameraMode":{"drawMode":0,"name":"Shaded","section":"Shading Mode"},"sceneLighting":true,"audioPlay":false,"sceneViewState":{"showFog":true,"showMaterialUpdate":false,"showSkybox":true,"showFlares":true,"showImageEffects":true,"showParticleSystems":true},"in2DMode":false,"pivot":{"x":-1.7864184379577637,"y":-0.35041141510009768,"z":27.422382354736329},"rotation":{"x":-0.07671107351779938,"y":0.02452204003930092,"z":-0.0018871680367738009,"w":-0.9967500567436218},"size":38.68886184692383,"orthographic":false}